TenureGroup,用户数,流失人数,流失率,平均订单数,平均返现,平均距上次下单天数
0-6个月,1967,689,0.35027961362480936,2.4743263853584136,158.78820538891713,3.7092018301982717
6-12个月,1585,157,0.09905362776025237,2.6586750788643534,161.47633438485803,4.326813880126183
12-24个月,1574,102,0.06480304955527319,3.644853875476493,200.7232528589581,5.237611181702668
24个月以上,504,0,0.0,3.6845238095238093,225.29934523809524,5.373015873015873
